{
	"$schema": "https://raw.githubusercontent.com/martinring/tmlanguage/master/tmlanguage.json",
	"name": "Earthfile",
	"fileTypes": ["Earthfile"],
	"patterns": [
		{
			"include": "#comment"
		},
		{
			"include": "#constant"
		},
		{
			"include": "#entity"
		},
		{
			"include": "#keyword"
		},
		{
			"include": "#string"
		},
		{
			"include": "#variable"
		},
		{
			"include": "#target"
		},
		{
			"include": "#user-command"
		}
	],
	"scopeName": "source.earthfile",
	"repository": {
		"comment": {
			"patterns": [
				{
					"captures": {
						"1": {
							"name": "punctuation.whitespace.comment.leading.earthfile"
						},
						"2": {
							"name": "comment.line.number-sign.earthfile"
						},
						"3": {
							"name": "punctuation.definition.comment.earthfile"
						}
					},
					"comment": "comment.line",
					"match": "^(\\s*)((#).*$\\n?)"
				},
				{
					"name": "comment.line.earthfile",
					"match": "(\\s+)((#).*$\\n?)"
				},
				{
					"captures": {
						"2": {
							"name": "comment.line.number-sign.earthfile"
						}
					},
					"match": "([\\\\\\s]+)((#).*$\\n?)"
				}
			]
		},
		"constant": {
			"patterns": [
				{
					"match": "\\\\.",
					"name": "constant.character.escape.earthfile"
				},
				{
					"match": "\\\\$",
					"name": "constant.character.escape.earthfile"
				},
				{
					"match": "(?<=EXPOSE\\s+)(\\d+)",
					"name": "constant.numeric.earthfile"
				}
			]
		},
		"keyword": {
			"patterns": [
				{
					"name": "keyword.operator.shell.earthfile",
					"match": "((&&)|(>>)|(<<)|[|;>])"
				},
				{
					"name": "keyword.operator.assignment.earthfile",
					"match": "([=])"
				},
				{
					"name": "keyword.operator.flag.earthfile",
					"match": "(\\B(-)+[a-zA-Z0-9\\-_]+)"
				},
				{
					"include": "#special-method"
				},
				{
					"include": "#target"
				},
				{
					"include": "#user-command"
				}
			]
		},
		"target": {
			"patterns": [
				{
					"captures": {
						"1": {
							"name": "entity.name.class.target.earthfile"
						}
					},
					"match": "^\\s*([a-z]([a-zA-Z0-9.]|-)*):"
				}
			]
		},
		"user-command": {
			"patterns": [
				{
					"captures": {
						"1": {
							"name": "entity.name.function.user-command.earthfile"
						}
					},
					"match": "^\\s*([A-Z][a-zA-Z0-9._]*):"
				}
			]
		},
		"special-method": {
			"patterns": [
				{
					"captures": {
						"1": {
							"name": "keyword.other.special-method.earthfile"
						},
						"2": {
							"name": "entity.name.variable.target.earthfile"
						},
						"3": {
							"name": "keyword.other.special-method.earthfile"
						}
					},
					"match": "^\\s*\\b(SAVE ARTIFACT)(\\b.*?\\b)(AS LOCAL)\\b"
				},
				{
					"captures": {
						"1": {
							"name": "keyword.other.special-method.earthfile"
						},
						"2": {
							"name": "keyword.other.special-method.earthfile"
						}
					},
					"match": "^\\s*\\b(FOR)\\b.*?\\b(IN)\\b"
				},
				{
					"captures": {
						"1": {
							"name": "keyword.other.special-method.earthfile"
						},
						"2": {
							"name": "entity.name.type.base-image.earthfile"
						}
					},
					"match": "(?<=(^FROM\\s))(\\S+)"
				},
				{
					"name": "keyword.other.special-method.earthfile",
					"match": "^\\s*HEALTHCHECK\\s+(NONE|CMD)\\s"
				},
				{
					"name": "keyword.other.special-method.earthfile",
					"match": "^\\s*FROM DOCKERFILE\\s"
				},
				{
					"name": "keyword.other.special-method.earthfile",
					"match": "^\\s*(FROM|COPY|SAVE ARTIFACT|SAVE IMAGE|RUN|LABEL|EXPOSE|VOLUME|USER|ENV|ARG|BUILD|WORKDIR|ENTRYPOINT|CMD|GIT CLONE|DOCKER LOAD|DOCKER PULL|HEALTHCHECK|WITH DOCKER|END|IF|ELSE|ELSE IF|DO|COMMAND|IMPORT|LOCALLY|FOR|VERSION)\\s"
				}
			]
		},
		"string": {
			"patterns": [
				{
					"begin": "\"",
					"end": "\"",
					"beginCaptures": {
						"1": {
							"name": "punctuation.definition.string.begin.earthfile"
						}
					},
					"endCaptures": {
						"1": {
							"name": "punctuation.definition.string.end.earthfile"
						}
					},
					"name": "string.quoted.double.earthfile",
					"patterns": [{
						"match": "\\\\.",
						"name": "constant.character.escaped.earthfile"
					}]
				},
				{
					"begin": "'",
					"end": "'",
					"beginCaptures": {
						"1": {
							"name": "punctuation.definition.string.begin.earthfile"
						}
					},
					"endCaptures": {
						"1": {
							"name": "punctuation.definition.string.end.earthfile"
						}
					},
					"name": "string.quoted.single.earthfile",
					"patterns": [{
						"match": "\\\\.",
						"name": "constant.character.escaped.earthfile"
					}]
				}
			]
		},
		"variable": {
			"patterns": [
				{
					"match": "\\$[a-zA-Z0-9_]+",
					"name": "variable.other.earthfile"
				},
				{
					"match": "(?<=\\${)([a-zA-Z0-9.\\-_]+)(?=})",
					"name": "variable.other.earthfile"
				},
				{
					"begin": "\\$\\{",
					"end": "\\}",
					"beginCaptures": {
						"1": {
							"name": "punctuation.definition.variable.begin.earthfile"
						}
					},
					"endCaptures": {
						"1": {
							"name": "punctuation.definition.variable.end.earthfile"
						}
					},
					"name": "variable.other.earthfile",
					"patterns": []
				}
			]
		},
		"entity": {
			"patterns": [
				{
					"match": "([a-zA-Z0-9._\\-/:]*\\+[a-z][a-zA-Z0-9.\\-]*(/\\S*)+)",
					"name": "entity.name.variable.artifact.earthfile"
				},
				{
					"match": "([a-zA-Z0-9._\\-/:]*\\+[a-z][a-zA-Z0-9.\\-]*)",
					"name": "entity.name.type.target.earthfile"
				},
				{
					"match": "([a-zA-Z0-9._\\-/:]*\\+[A-Z][a-zA-Z0-9._]*)",
					"name": "entity.name.function.user-command.earthfile"
				}
			]
		}
	}
}
